"LOCATION","INDICATOR","SUBJECT","MEASURE","FREQUENCY","TIME","Value","Flag Codes"
"AUS","FERTILITY","TOT","CHD_WOMAN","A","2004",1.78,
"AUS","FERTILITY","TOT","CHD_WOMAN","A","2005",1.85,
"AUS","FERTILITY","TOT","CHD_WOMAN","A","2006",1.88,
"AUS","FERTILITY","TOT","CHD_WOMAN","A","2007",1.99,
"AUS","FERTILITY","TOT","CHD_WOMAN","A","2008",2.02,
"AUS","FERTILITY","TOT","CHD_WOMAN","A","2009",1.97,
"AUS","FERTILITY","TOT","CHD_WOMAN","A","2010",1.95,
"AUS","FERTILITY","TOT","CHD_WOMAN","A","2011",1.92,
"AUS","FERTILITY","TOT","CHD_WOMAN","A","2012",1.93,
"AUS","FERTILITY","TOT","CHD_WOMAN","A","2013",1.88,
"AUS","FERTILITY","TOT","CHD_WOMAN","A","2014",1.79,
"AUS","FERTILITY","TOT","CHD_WOMAN","A","2015",1.79,
"AUS","FERTILITY","TOT","CHD_WOMAN","A","2016",1.79,
"AUS","FERTILITY","TOT","CHD_WOMAN","A","2017",1.74,
"AUS","FERTILITY","TOT","CHD_WOMAN","A","2018",1.74,
"AUS","FERTILITY","TOT","CHD_WOMAN","A","2019",1.66,
"AUS","FERTILITY","TOT","CHD_WOMAN","A","2020",1.58,
"AUT","FERTILITY","TOT","CHD_WOMAN","A","2004",1.42,
"AUT","FERTILITY","TOT","CHD_WOMAN","A","2005",1.41,
"AUT","FERTILITY","TOT","CHD_WOMAN","A","2006",1.41,
"AUT","FERTILITY","TOT","CHD_WOMAN","A","2007",1.39,
"AUT","FERTILITY","TOT","CHD_WOMAN","A","2008",1.42,
"AUT","FERTILITY","TOT","CHD_WOMAN","A","2009",1.4,
"AUT","FERTILITY","TOT","CHD_WOMAN","A","2010",1.44,
"AUT","FERTILITY","TOT","CHD_WOMAN","A","2011",1.43,
"AUT","FERTILITY","TOT","CHD_WOMAN","A","2012",1.44,
"AUT","FERTILITY","TOT","CHD_WOMAN","A","2013",1.44,
"AUT","FERTILITY","TOT","CHD_WOMAN","A","2014",1.46,
"AUT","FERTILITY","TOT","CHD_WOMAN","A","2015",1.49,
"AUT","FERTILITY","TOT","CHD_WOMAN","A","2016",1.53,
"AUT","FERTILITY","TOT","CHD_WOMAN","A","2017",1.52,
"AUT","FERTILITY","TOT","CHD_WOMAN","A","2018",1.48,
"AUT","FERTILITY","TOT","CHD_WOMAN","A","2019",1.46,
"AUT","FERTILITY","TOT","CHD_WOMAN","A","2020",1.44,
"BEL","FERTILITY","TOT","CHD_WOMAN","A","2004",1.7,
"BEL","FERTILITY","TOT","CHD_WOMAN","A","2005",1.74,
"BEL","FERTILITY","TOT","CHD_WOMAN","A","2006",1.78,
"BEL","FERTILITY","TOT","CHD_WOMAN","A","2007",1.8,
"BEL","FERTILITY","TOT","CHD_WOMAN","A","2008",1.86,
"BEL","FERTILITY","TOT","CHD_WOMAN","A","2009",1.83,
"BEL","FERTILITY","TOT","CHD_WOMAN","A","2010",1.84,
"BEL","FERTILITY","TOT","CHD_WOMAN","A","2011",1.81,
"BEL","FERTILITY","TOT","CHD_WOMAN","A","2012",1.79,
"BEL","FERTILITY","TOT","CHD_WOMAN","A","2013",1.74,
"BEL","FERTILITY","TOT","CHD_WOMAN","A","2014",1.73,
"BEL","FERTILITY","TOT","CHD_WOMAN","A","2015",1.69,
"BEL","FERTILITY","TOT","CHD_WOMAN","A","2016",1.67,
"BEL","FERTILITY","TOT","CHD_WOMAN","A","2017",1.64,
"BEL","FERTILITY","TOT","CHD_WOMAN","A","2018",1.61,
"BEL","FERTILITY","TOT","CHD_WOMAN","A","2019",1.57,
"BEL","FERTILITY","TOT","CHD_WOMAN","A","2020",1.72,
"CAN","FERTILITY","TOT","CHD_WOMAN","A","2004",1.53,
"CAN","FERTILITY","TOT","CHD_WOMAN","A","2005",1.54,
"CAN","FERTILITY","TOT","CHD_WOMAN","A","2006",1.59,
"CAN","FERTILITY","TOT","CHD_WOMAN","A","2007",1.66,
"CAN","FERTILITY","TOT","CHD_WOMAN","A","2008",1.68,
"CAN","FERTILITY","TOT","CHD_WOMAN","A","2009",1.67,
"CAN","FERTILITY","TOT","CHD_WOMAN","A","2010",1.63,
"CAN","FERTILITY","TOT","CHD_WOMAN","A","2011",1.61,
"CAN","FERTILITY","TOT","CHD_WOMAN","A","2012",1.61,
"CAN","FERTILITY","TOT","CHD_WOMAN","A","2013",1.59,
"CAN","FERTILITY","TOT","CHD_WOMAN","A","2014",1.58,
"CAN","FERTILITY","TOT","CHD_WOMAN","A","2015",1.56,
"CAN","FERTILITY","TOT","CHD_WOMAN","A","2016",1.54,
"CAN","FERTILITY","TOT","CHD_WOMAN","A","2017",1.5,
"CAN","FERTILITY","TOT","CHD_WOMAN","A","2018",1.5,
"CAN","FERTILITY","TOT","CHD_WOMAN","A","2019",1.47,
"CAN","FERTILITY","TOT","CHD_WOMAN","A","2020",1.5,
"CZE","FERTILITY","TOT","CHD_WOMAN","A","2004",1.23,
"CZE","FERTILITY","TOT","CHD_WOMAN","A","2005",1.28,
"CZE","FERTILITY","TOT","CHD_WOMAN","A","2006",1.33,
"CZE","FERTILITY","TOT","CHD_WOMAN","A","2007",1.44,
"CZE","FERTILITY","TOT","CHD_WOMAN","A","2008",1.5,
"CZE","FERTILITY","TOT","CHD_WOMAN","A","2009",1.49,
"CZE","FERTILITY","TOT","CHD_WOMAN","A","2010",1.49,
"CZE","FERTILITY","TOT","CHD_WOMAN","A","2011",1.43,
"CZE","FERTILITY","TOT","CHD_WOMAN","A","2012",1.45,
"CZE","FERTILITY","TOT","CHD_WOMAN","A","2013",1.46,
"CZE","FERTILITY","TOT","CHD_WOMAN","A","2014",1.53,
"CZE","FERTILITY","TOT","CHD_WOMAN","A","2015",1.57,
"CZE","FERTILITY","TOT","CHD_WOMAN","A","2016",1.63,
"CZE","FERTILITY","TOT","CHD_WOMAN","A","2017",1.69,
"CZE","FERTILITY","TOT","CHD_WOMAN","A","2018",1.71,
"CZE","FERTILITY","TOT","CHD_WOMAN","A","2019",1.71,
"CZE","FERTILITY","TOT","CHD_WOMAN","A","2020",1.71,
"DNK","FERTILITY","TOT","CHD_WOMAN","A","2004",1.79,
"DNK","FERTILITY","TOT","CHD_WOMAN","A","2005",1.8,
"DNK","FERTILITY","TOT","CHD_WOMAN","A","2006",1.85,
"DNK","FERTILITY","TOT","CHD_WOMAN","A","2007",1.84,
"DNK","FERTILITY","TOT","CHD_WOMAN","A","2008",1.89,
"DNK","FERTILITY","TOT","CHD_WOMAN","A","2009",1.84,
"DNK","FERTILITY","TOT","CHD_WOMAN","A","2010",1.87,
"DNK","FERTILITY","TOT","CHD_WOMAN","A","2011",1.75,
"DNK","FERTILITY","TOT","CHD_WOMAN","A","2012",1.73,
"DNK","FERTILITY","TOT","CHD_WOMAN","A","2013",1.67,
"DNK","FERTILITY","TOT","CHD_WOMAN","A","2014",1.69,
"DNK","FERTILITY","TOT","CHD_WOMAN","A","2015",1.71,
"DNK","FERTILITY","TOT","CHD_WOMAN","A","2016",1.79,
"DNK","FERTILITY","TOT","CHD_WOMAN","A","2017",1.75,
"DNK","FERTILITY","TOT","CHD_WOMAN","A","2018",1.73,
"DNK","FERTILITY","TOT","CHD_WOMAN","A","2019",1.7,
"DNK","FERTILITY","TOT","CHD_WOMAN","A","2020",1.67,
"FIN","FERTILITY","TOT","CHD_WOMAN","A","2004",1.8,
"FIN","FERTILITY","TOT","CHD_WOMAN","A","2005",1.8,
"FIN","FERTILITY","TOT","CHD_WOMAN","A","2006",1.84,
"FIN","FERTILITY","TOT","CHD_WOMAN","A","2007",1.83,
"FIN","FERTILITY","TOT","CHD_WOMAN","A","2008",1.85,
"FIN","FERTILITY","TOT","CHD_WOMAN","A","2009",1.86,
"FIN","FERTILITY","TOT","CHD_WOMAN","A","2010",1.87,
"FIN","FERTILITY","TOT","CHD_WOMAN","A","2011",1.83,
"FIN","FERTILITY","TOT","CHD_WOMAN","A","2012",1.8,
"FIN","FERTILITY","TOT","CHD_WOMAN","A","2013",1.75,
"FIN","FERTILITY","TOT","CHD_WOMAN","A","2014",1.71,
"FIN","FERTILITY","TOT","CHD_WOMAN","A","2015",1.65,
"FIN","FERTILITY","TOT","CHD_WOMAN","A","2016",1.57,
"FIN","FERTILITY","TOT","CHD_WOMAN","A","2017",1.49,
"FIN","FERTILITY","TOT","CHD_WOMAN","A","2018",1.41,
"FIN","FERTILITY","TOT","CHD_WOMAN","A","2019",1.35,
"FIN","FERTILITY","TOT","CHD_WOMAN","A","2020",1.37,
"FRA","FERTILITY","TOT","CHD_WOMAN","A","2004",1.9,
"FRA","FERTILITY","TOT","CHD_WOMAN","A","2005",1.92,
"FRA","FERTILITY","TOT","CHD_WOMAN","A","2006",1.98,
"FRA","FERTILITY","TOT","CHD_WOMAN","A","2007",1.95,
"FRA","FERTILITY","TOT","CHD_WOMAN","A","2008",1.99,
"FRA","FERTILITY","TOT","CHD_WOMAN","A","2009",1.99,
"FRA","FERTILITY","TOT","CHD_WOMAN","A","2010",2.02,
"FRA","FERTILITY","TOT","CHD_WOMAN","A","2011",2,
"FRA","FERTILITY","TOT","CHD_WOMAN","A","2012",1.99,
"FRA","FERTILITY","TOT","CHD_WOMAN","A","2013",1.97,
"FRA","FERTILITY","TOT","CHD_WOMAN","A","2014",1.97,
"FRA","FERTILITY","TOT","CHD_WOMAN","A","2015",1.93,
"FRA","FERTILITY","TOT","CHD_WOMAN","A","2016",1.89,
"FRA","FERTILITY","TOT","CHD_WOMAN","A","2017",1.86,
"FRA","FERTILITY","TOT","CHD_WOMAN","A","2018",1.84,
"FRA","FERTILITY","TOT","CHD_WOMAN","A","2019",1.83,
"FRA","FERTILITY","TOT","CHD_WOMAN","A","2020",1.79,
"FRA","FERTILITY","TOT","CHD_WOMAN","A","2021",1.8,
"DEU","FERTILITY","TOT","CHD_WOMAN","A","2004",1.36,
"DEU","FERTILITY","TOT","CHD_WOMAN","A","2005",1.34,
"DEU","FERTILITY","TOT","CHD_WOMAN","A","2006",1.33,
"DEU","FERTILITY","TOT","CHD_WOMAN","A","2007",1.37,
"DEU","FERTILITY","TOT","CHD_WOMAN","A","2008",1.38,
"DEU","FERTILITY","TOT","CHD_WOMAN","A","2009",1.36,
"DEU","FERTILITY","TOT","CHD_WOMAN","A","2010",1.39,
"DEU","FERTILITY","TOT","CHD_WOMAN","A","2011",1.39,
"DEU","FERTILITY","TOT","CHD_WOMAN","A","2012",1.41,
"DEU","FERTILITY","TOT","CHD_WOMAN","A","2013",1.42,
"DEU","FERTILITY","TOT","CHD_WOMAN","A","2014",1.47,
"DEU","FERTILITY","TOT","CHD_WOMAN","A","2015",1.5,
"DEU","FERTILITY","TOT","CHD_WOMAN","A","2016",1.59,
"DEU","FERTILITY","TOT","CHD_WOMAN","A","2017",1.57,
"DEU","FERTILITY","TOT","CHD_WOMAN","A","2018",1.57,
"DEU","FERTILITY","TOT","CHD_WOMAN","A","2019",1.54,
"DEU","FERTILITY","TOT","CHD_WOMAN","A","2020",1.53,
"GRC","FERTILITY","TOT","CHD_WOMAN","A","2004",1.31,
"GRC","FERTILITY","TOT","CHD_WOMAN","A","2005",1.34,
"GRC","FERTILITY","TOT","CHD_WOMAN","A","2006",1.4,
"GRC","FERTILITY","TOT","CHD_WOMAN","A","2007",1.41,
"GRC","FERTILITY","TOT","CHD_WOMAN","A","2008",1.5,
"GRC","FERTILITY","TOT","CHD_WOMAN","A","2009",1.5,
"GRC","FERTILITY","TOT","CHD_WOMAN","A","2010",1.48,
"GRC","FERTILITY","TOT","CHD_WOMAN","A","2011",1.4,
"GRC","FERTILITY","TOT","CHD_WOMAN","A","2012",1.34,
"GRC","FERTILITY","TOT","CHD_WOMAN","A","2013",1.29,
"GRC","FERTILITY","TOT","CHD_WOMAN","A","2014",1.3,
"GRC","FERTILITY","TOT","CHD_WOMAN","A","2015",1.33,
"GRC","FERTILITY","TOT","CHD_WOMAN","A","2016",1.38,
"GRC","FERTILITY","TOT","CHD_WOMAN","A","2017",1.35,
"GRC","FERTILITY","TOT","CHD_WOMAN","A","2018",1.35,
"GRC","FERTILITY","TOT","CHD_WOMAN","A","2019",1.35,
"GRC","FERTILITY","TOT","CHD_WOMAN","A","2020",1.28,
"HUN","FERTILITY","TOT","CHD_WOMAN","A","2004",1.28,
"HUN","FERTILITY","TOT","CHD_WOMAN","A","2005",1.32,
"HUN","FERTILITY","TOT","CHD_WOMAN","A","2006",1.35,
"HUN","FERTILITY","TOT","CHD_WOMAN","A","2007",1.32,
"HUN","FERTILITY","TOT","CHD_WOMAN","A","2008",1.35,
"HUN","FERTILITY","TOT","CHD_WOMAN","A","2009",1.33,
"HUN","FERTILITY","TOT","CHD_WOMAN","A","2010",1.26,
"HUN","FERTILITY","TOT","CHD_WOMAN","A","2011",1.24,
"HUN","FERTILITY","TOT","CHD_WOMAN","A","2012",1.34,
"HUN","FERTILITY","TOT","CHD_WOMAN","A","2013",1.34,
"HUN","FERTILITY","TOT","CHD_WOMAN","A","2014",1.41,
"HUN","FERTILITY","TOT","CHD_WOMAN","A","2015",1.44,
"HUN","FERTILITY","TOT","CHD_WOMAN","A","2016",1.49,
"HUN","FERTILITY","TOT","CHD_WOMAN","A","2017",1.49,
"HUN","FERTILITY","TOT","CHD_WOMAN","A","2018",1.49,
"HUN","FERTILITY","TOT","CHD_WOMAN","A","2019",1.49,
"HUN","FERTILITY","TOT","CHD_WOMAN","A","2020",1.52,
"ISL","FERTILITY","TOT","CHD_WOMAN","A","2004",2.03,
"ISL","FERTILITY","TOT","CHD_WOMAN","A","2005",2.05,
"ISL","FERTILITY","TOT","CHD_WOMAN","A","2006",2.07,
"ISL","FERTILITY","TOT","CHD_WOMAN","A","2007",2.09,
"ISL","FERTILITY","TOT","CHD_WOMAN","A","2008",2.14,
"ISL","FERTILITY","TOT","CHD_WOMAN","A","2009",2.22,
"ISL","FERTILITY","TOT","CHD_WOMAN","A","2010",2.2,
"ISL","FERTILITY","TOT","CHD_WOMAN","A","2011",2.02,
"ISL","FERTILITY","TOT","CHD_WOMAN","A","2012",2.04,
"ISL","FERTILITY","TOT","CHD_WOMAN","A","2013",1.93,
"ISL","FERTILITY","TOT","CHD_WOMAN","A","2014",1.93,
"ISL","FERTILITY","TOT","CHD_WOMAN","A","2015",1.81,
"ISL","FERTILITY","TOT","CHD_WOMAN","A","2016",1.75,
"ISL","FERTILITY","TOT","CHD_WOMAN","A","2017",1.71,
"ISL","FERTILITY","TOT","CHD_WOMAN","A","2018",1.71,
"ISL","FERTILITY","TOT","CHD_WOMAN","A","2019",1.75,
"ISL","FERTILITY","TOT","CHD_WOMAN","A","2020",1.72,
"IRL","FERTILITY","TOT","CHD_WOMAN","A","2004",1.95,
"IRL","FERTILITY","TOT","CHD_WOMAN","A","2005",1.88,
"IRL","FERTILITY","TOT","CHD_WOMAN","A","2006",1.94,
"IRL","FERTILITY","TOT","CHD_WOMAN","A","2007",2.01,
"IRL","FERTILITY","TOT","CHD_WOMAN","A","2008",2.06,
"IRL","FERTILITY","TOT","CHD_WOMAN","A","2009",2.06,
"IRL","FERTILITY","TOT","CHD_WOMAN","A","2010",2.05,
"IRL","FERTILITY","TOT","CHD_WOMAN","A","2011",2.03,
"IRL","FERTILITY","TOT","CHD_WOMAN","A","2012",1.98,
"IRL","FERTILITY","TOT","CHD_WOMAN","A","2013",1.93,
"IRL","FERTILITY","TOT","CHD_WOMAN","A","2014",1.89,
"IRL","FERTILITY","TOT","CHD_WOMAN","A","2015",1.85,
"IRL","FERTILITY","TOT","CHD_WOMAN","A","2016",1.82,
"IRL","FERTILITY","TOT","CHD_WOMAN","A","2017",1.78,
"IRL","FERTILITY","TOT","CHD_WOMAN","A","2018",1.75,
"IRL","FERTILITY","TOT","CHD_WOMAN","A","2019",1.7,
"IRL","FERTILITY","TOT","CHD_WOMAN","A","2020",1.63,
"ITA","FERTILITY","TOT","CHD_WOMAN","A","2004",1.34,
"ITA","FERTILITY","TOT","CHD_WOMAN","A","2005",1.33,
"ITA","FERTILITY","TOT","CHD_WOMAN","A","2006",1.37,
"ITA","FERTILITY","TOT","CHD_WOMAN","A","2007",1.39,
"ITA","FERTILITY","TOT","CHD_WOMAN","A","2008",1.44,
"ITA","FERTILITY","TOT","CHD_WOMAN","A","2009",1.44,
"ITA","FERTILITY","TOT","CHD_WOMAN","A","2010",1.44,
"ITA","FERTILITY","TOT","CHD_WOMAN","A","2011",1.42,
"ITA","FERTILITY","TOT","CHD_WOMAN","A","2012",1.42,
"ITA","FERTILITY","TOT","CHD_WOMAN","A","2013",1.39,
"ITA","FERTILITY","TOT","CHD_WOMAN","A","2014",1.38,
"ITA","FERTILITY","TOT","CHD_WOMAN","A","2015",1.36,
"ITA","FERTILITY","TOT","CHD_WOMAN","A","2016",1.36,
"ITA","FERTILITY","TOT","CHD_WOMAN","A","2017",1.34,
"ITA","FERTILITY","TOT","CHD_WOMAN","A","2018",1.31,
"ITA","FERTILITY","TOT","CHD_WOMAN","A","2019",1.27,
"ITA","FERTILITY","TOT","CHD_WOMAN","A","2020",1.24,
"JPN","FERTILITY","TOT","CHD_WOMAN","A","2004",1.29,
"JPN","FERTILITY","TOT","CHD_WOMAN","A","2005",1.26,
"JPN","FERTILITY","TOT","CHD_WOMAN","A","2006",1.32,
"JPN","FERTILITY","TOT","CHD_WOMAN","A","2007",1.34,
"JPN","FERTILITY","TOT","CHD_WOMAN","A","2008",1.37,
"JPN","FERTILITY","TOT","CHD_WOMAN","A","2009",1.37,
"JPN","FERTILITY","TOT","CHD_WOMAN","A","2010",1.39,
"JPN","FERTILITY","TOT","CHD_WOMAN","A","2011",1.39,
"JPN","FERTILITY","TOT","CHD_WOMAN","A","2012",1.41,
"JPN","FERTILITY","TOT","CHD_WOMAN","A","2013",1.43,
"JPN","FERTILITY","TOT","CHD_WOMAN","A","2014",1.42,
"JPN","FERTILITY","TOT","CHD_WOMAN","A","2015",1.45,
"JPN","FERTILITY","TOT","CHD_WOMAN","A","2016",1.44,
"JPN","FERTILITY","TOT","CHD_WOMAN","A","2017",1.43,
"JPN","FERTILITY","TOT","CHD_WOMAN","A","2018",1.42,
"JPN","FERTILITY","TOT","CHD_WOMAN","A","2019",1.36,
"JPN","FERTILITY","TOT","CHD_WOMAN","A","2020",1.33,
"KOR","FERTILITY","TOT","CHD_WOMAN","A","2004",1.16,
"KOR","FERTILITY","TOT","CHD_WOMAN","A","2005",1.09,
"KOR","FERTILITY","TOT","CHD_WOMAN","A","2006",1.13,
"KOR","FERTILITY","TOT","CHD_WOMAN","A","2007",1.26,
"KOR","FERTILITY","TOT","CHD_WOMAN","A","2008",1.19,
"KOR","FERTILITY","TOT","CHD_WOMAN","A","2009",1.15,
"KOR","FERTILITY","TOT","CHD_WOMAN","A","2010",1.23,
"KOR","FERTILITY","TOT","CHD_WOMAN","A","2011",1.24,
"KOR","FERTILITY","TOT","CHD_WOMAN","A","2012",1.3,
"KOR","FERTILITY","TOT","CHD_WOMAN","A","2013",1.19,
"KOR","FERTILITY","TOT","CHD_WOMAN","A","2014",1.21,
"KOR","FERTILITY","TOT","CHD_WOMAN","A","2015",1.24,
"KOR","FERTILITY","TOT","CHD_WOMAN","A","2016",1.17,
"KOR","FERTILITY","TOT","CHD_WOMAN","A","2017",1.05,
"KOR","FERTILITY","TOT","CHD_WOMAN","A","2018",0.98,
"KOR","FERTILITY","TOT","CHD_WOMAN","A","2019",0.92,
"KOR","FERTILITY","TOT","CHD_WOMAN","A","2020",0.84,
"KOR","FERTILITY","TOT","CHD_WOMAN","A","2021",0.81,
"LUX","FERTILITY","TOT","CHD_WOMAN","A","2004",1.66,
"LUX","FERTILITY","TOT","CHD_WOMAN","A","2005",1.62,
"LUX","FERTILITY","TOT","CHD_WOMAN","A","2006",1.64,
"LUX","FERTILITY","TOT","CHD_WOMAN","A","2007",1.61,
"LUX","FERTILITY","TOT","CHD_WOMAN","A","2008",1.6,
"LUX","FERTILITY","TOT","CHD_WOMAN","A","2009",1.59,
"LUX","FERTILITY","TOT","CHD_WOMAN","A","2010",1.63,
"LUX","FERTILITY","TOT","CHD_WOMAN","A","2011",1.51,
"LUX","FERTILITY","TOT","CHD_WOMAN","A","2012",1.57,
"LUX","FERTILITY","TOT","CHD_WOMAN","A","2013",1.55,
"LUX","FERTILITY","TOT","CHD_WOMAN","A","2014",1.5,
"LUX","FERTILITY","TOT","CHD_WOMAN","A","2015",1.47,
"LUX","FERTILITY","TOT","CHD_WOMAN","A","2016",1.41,
"LUX","FERTILITY","TOT","CHD_WOMAN","A","2017",1.39,
"LUX","FERTILITY","TOT","CHD_WOMAN","A","2018",1.38,
"LUX","FERTILITY","TOT","CHD_WOMAN","A","2019",1.34,
"LUX","FERTILITY","TOT","CHD_WOMAN","A","2020",1.37,
"MEX","FERTILITY","TOT","CHD_WOMAN","A","2004",2.54,
"MEX","FERTILITY","TOT","CHD_WOMAN","A","2005",2.5,
"MEX","FERTILITY","TOT","CHD_WOMAN","A","2006",2.46,
"MEX","FERTILITY","TOT","CHD_WOMAN","A","2007",2.42,
"MEX","FERTILITY","TOT","CHD_WOMAN","A","2008",2.39,
"MEX","FERTILITY","TOT","CHD_WOMAN","A","2009",2.36,
"MEX","FERTILITY","TOT","CHD_WOMAN","A","2010",2.34,
"MEX","FERTILITY","TOT","CHD_WOMAN","A","2011",2.32,
"MEX","FERTILITY","TOT","CHD_WOMAN","A","2012",2.3,
"MEX","FERTILITY","TOT","CHD_WOMAN","A","2013",2.27,
"MEX","FERTILITY","TOT","CHD_WOMAN","A","2014",2.24,
"MEX","FERTILITY","TOT","CHD_WOMAN","A","2015",2.22,
"MEX","FERTILITY","TOT","CHD_WOMAN","A","2016",2.19,
"MEX","FERTILITY","TOT","CHD_WOMAN","A","2017",2.16,
"MEX","FERTILITY","TOT","CHD_WOMAN","A","2018",2.13,
"MEX","FERTILITY","TOT","CHD_WOMAN","A","2019",2.1,
"MEX","FERTILITY","TOT","CHD_WOMAN","A","2020",2.08,
"NLD","FERTILITY","TOT","CHD_WOMAN","A","2004",1.73,
"NLD","FERTILITY","TOT","CHD_WOMAN","A","2005",1.71,
"NLD","FERTILITY","TOT","CHD_WOMAN","A","2006",1.72,
"NLD","FERTILITY","TOT","CHD_WOMAN","A","2007",1.72,
"NLD","FERTILITY","TOT","CHD_WOMAN","A","2008",1.77,
"NLD","FERTILITY","TOT","CHD_WOMAN","A","2009",1.79,
"NLD","FERTILITY","TOT","CHD_WOMAN","A","2010",1.8,
"NLD","FERTILITY","TOT","CHD_WOMAN","A","2011",1.76,
"NLD","FERTILITY","TOT","CHD_WOMAN","A","2012",1.72,
"NLD","FERTILITY","TOT","CHD_WOMAN","A","2013",1.68,
"NLD","FERTILITY","TOT","CHD_WOMAN","A","2014",1.71,
"NLD","FERTILITY","TOT","CHD_WOMAN","A","2015",1.66,
"NLD","FERTILITY","TOT","CHD_WOMAN","A","2016",1.66,
"NLD","FERTILITY","TOT","CHD_WOMAN","A","2017",1.62,
"NLD","FERTILITY","TOT","CHD_WOMAN","A","2018",1.59,
"NLD","FERTILITY","TOT","CHD_WOMAN","A","2019",1.57,
"NLD","FERTILITY","TOT","CHD_WOMAN","A","2020",1.55,
"NZL","FERTILITY","TOT","CHD_WOMAN","A","2004",1.98,
"NZL","FERTILITY","TOT","CHD_WOMAN","A","2005",1.97,
"NZL","FERTILITY","TOT","CHD_WOMAN","A","2006",2.01,
"NZL","FERTILITY","TOT","CHD_WOMAN","A","2007",2.18,
"NZL","FERTILITY","TOT","CHD_WOMAN","A","2008",2.19,
"NZL","FERTILITY","TOT","CHD_WOMAN","A","2009",2.13,
"NZL","FERTILITY","TOT","CHD_WOMAN","A","2010",2.17,
"NZL","FERTILITY","TOT","CHD_WOMAN","A","2011",2.09,
"NZL","FERTILITY","TOT","CHD_WOMAN","A","2012",2.1,
"NZL","FERTILITY","TOT","CHD_WOMAN","A","2013",2.01,
"NZL","FERTILITY","TOT","CHD_WOMAN","A","2014",1.92,
"NZL","FERTILITY","TOT","CHD_WOMAN","A","2015",1.99,
"NZL","FERTILITY","TOT","CHD_WOMAN","A","2016",1.87,
"NZL","FERTILITY","TOT","CHD_WOMAN","A","2017",1.81,
"NZL","FERTILITY","TOT","CHD_WOMAN","A","2018",1.71,
"NZL","FERTILITY","TOT","CHD_WOMAN","A","2019",1.72,
"NZL","FERTILITY","TOT","CHD_WOMAN","A","2020",1.61,
"NOR","FERTILITY","TOT","CHD_WOMAN","A","2004",1.83,
"NOR","FERTILITY","TOT","CHD_WOMAN","A","2005",1.84,
"NOR","FERTILITY","TOT","CHD_WOMAN","A","2006",1.9,
"NOR","FERTILITY","TOT","CHD_WOMAN","A","2007",1.9,
"NOR","FERTILITY","TOT","CHD_WOMAN","A","2008",1.96,
"NOR","FERTILITY","TOT","CHD_WOMAN","A","2009",1.98,
"NOR","FERTILITY","TOT","CHD_WOMAN","A","2010",1.95,
"NOR","FERTILITY","TOT","CHD_WOMAN","A","2011",1.88,
"NOR","FERTILITY","TOT","CHD_WOMAN","A","2012",1.85,
"NOR","FERTILITY","TOT","CHD_WOMAN","A","2013",1.78,
"NOR","FERTILITY","TOT","CHD_WOMAN","A","2014",1.76,
"NOR","FERTILITY","TOT","CHD_WOMAN","A","2015",1.73,
"NOR","FERTILITY","TOT","CHD_WOMAN","A","2016",1.71,
"NOR","FERTILITY","TOT","CHD_WOMAN","A","2017",1.62,
"NOR","FERTILITY","TOT","CHD_WOMAN","A","2018",1.56,
"NOR","FERTILITY","TOT","CHD_WOMAN","A","2019",1.53,
"NOR","FERTILITY","TOT","CHD_WOMAN","A","2020",1.48,
"POL","FERTILITY","TOT","CHD_WOMAN","A","2004",1.23,
"POL","FERTILITY","TOT","CHD_WOMAN","A","2005",1.24,
"POL","FERTILITY","TOT","CHD_WOMAN","A","2006",1.27,
"POL","FERTILITY","TOT","CHD_WOMAN","A","2007",1.31,
"POL","FERTILITY","TOT","CHD_WOMAN","A","2008",1.39,
"POL","FERTILITY","TOT","CHD_WOMAN","A","2009",1.4,
"POL","FERTILITY","TOT","CHD_WOMAN","A","2010",1.38,
"POL","FERTILITY","TOT","CHD_WOMAN","A","2011",1.3,
"POL","FERTILITY","TOT","CHD_WOMAN","A","2012",1.3,
"POL","FERTILITY","TOT","CHD_WOMAN","A","2013",1.26,
"POL","FERTILITY","TOT","CHD_WOMAN","A","2014",1.29,
"POL","FERTILITY","TOT","CHD_WOMAN","A","2015",1.29,
"POL","FERTILITY","TOT","CHD_WOMAN","A","2016",1.36,
"POL","FERTILITY","TOT","CHD_WOMAN","A","2017",1.45,
"POL","FERTILITY","TOT","CHD_WOMAN","A","2018",1.44,
"POL","FERTILITY","TOT","CHD_WOMAN","A","2019",1.42,
"POL","FERTILITY","TOT","CHD_WOMAN","A","2020",1.38,
"PRT","FERTILITY","TOT","CHD_WOMAN","A","2004",1.41,
"PRT","FERTILITY","TOT","CHD_WOMAN","A","2005",1.42,
"PRT","FERTILITY","TOT","CHD_WOMAN","A","2006",1.38,
"PRT","FERTILITY","TOT","CHD_WOMAN","A","2007",1.35,
"PRT","FERTILITY","TOT","CHD_WOMAN","A","2008",1.4,
"PRT","FERTILITY","TOT","CHD_WOMAN","A","2009",1.35,
"PRT","FERTILITY","TOT","CHD_WOMAN","A","2010",1.39,
"PRT","FERTILITY","TOT","CHD_WOMAN","A","2011",1.35,
"PRT","FERTILITY","TOT","CHD_WOMAN","A","2012",1.28,
"PRT","FERTILITY","TOT","CHD_WOMAN","A","2013",1.21,
"PRT","FERTILITY","TOT","CHD_WOMAN","A","2014",1.23,
"PRT","FERTILITY","TOT","CHD_WOMAN","A","2015",1.3,
"PRT","FERTILITY","TOT","CHD_WOMAN","A","2016",1.36,
"PRT","FERTILITY","TOT","CHD_WOMAN","A","2017",1.37,
"PRT","FERTILITY","TOT","CHD_WOMAN","A","2018",1.41,
"PRT","FERTILITY","TOT","CHD_WOMAN","A","2019",1.42,
"PRT","FERTILITY","TOT","CHD_WOMAN","A","2020",1.4,
"SVK","FERTILITY","TOT","CHD_WOMAN","A","2004",1.24,
"SVK","FERTILITY","TOT","CHD_WOMAN","A","2005",1.25,
"SVK","FERTILITY","TOT","CHD_WOMAN","A","2006",1.24,
"SVK","FERTILITY","TOT","CHD_WOMAN","A","2007",1.25,
"SVK","FERTILITY","TOT","CHD_WOMAN","A","2008",1.32,
"SVK","FERTILITY","TOT","CHD_WOMAN","A","2009",1.41,
"SVK","FERTILITY","TOT","CHD_WOMAN","A","2010",1.4,
"SVK","FERTILITY","TOT","CHD_WOMAN","A","2011",1.45,
"SVK","FERTILITY","TOT","CHD_WOMAN","A","2012",1.34,
"SVK","FERTILITY","TOT","CHD_WOMAN","A","2013",1.34,
"SVK","FERTILITY","TOT","CHD_WOMAN","A","2014",1.37,
"SVK","FERTILITY","TOT","CHD_WOMAN","A","2015",1.4,
"SVK","FERTILITY","TOT","CHD_WOMAN","A","2016",1.48,
"SVK","FERTILITY","TOT","CHD_WOMAN","A","2017",1.52,
"SVK","FERTILITY","TOT","CHD_WOMAN","A","2018",1.54,
"SVK","FERTILITY","TOT","CHD_WOMAN","A","2019",1.56,
"SVK","FERTILITY","TOT","CHD_WOMAN","A","2020",1.53,
"ESP","FERTILITY","TOT","CHD_WOMAN","A","2004",1.31,
"ESP","FERTILITY","TOT","CHD_WOMAN","A","2005",1.33,
"ESP","FERTILITY","TOT","CHD_WOMAN","A","2006",1.36,
"ESP","FERTILITY","TOT","CHD_WOMAN","A","2007",1.38,
"ESP","FERTILITY","TOT","CHD_WOMAN","A","2008",1.45,
"ESP","FERTILITY","TOT","CHD_WOMAN","A","2009",1.38,
"ESP","FERTILITY","TOT","CHD_WOMAN","A","2010",1.37,
"ESP","FERTILITY","TOT","CHD_WOMAN","A","2011",1.34,
"ESP","FERTILITY","TOT","CHD_WOMAN","A","2012",1.32,
"ESP","FERTILITY","TOT","CHD_WOMAN","A","2013",1.27,
"ESP","FERTILITY","TOT","CHD_WOMAN","A","2014",1.32,
"ESP","FERTILITY","TOT","CHD_WOMAN","A","2015",1.33,
"ESP","FERTILITY","TOT","CHD_WOMAN","A","2016",1.34,
"ESP","FERTILITY","TOT","CHD_WOMAN","A","2017",1.31,
"ESP","FERTILITY","TOT","CHD_WOMAN","A","2018",1.26,
"ESP","FERTILITY","TOT","CHD_WOMAN","A","2019",1.24,
"ESP","FERTILITY","TOT","CHD_WOMAN","A","2020",1.36,
"SWE","FERTILITY","TOT","CHD_WOMAN","A","2004",1.75,
"SWE","FERTILITY","TOT","CHD_WOMAN","A","2005",1.77,
"SWE","FERTILITY","TOT","CHD_WOMAN","A","2006",1.85,
"SWE","FERTILITY","TOT","CHD_WOMAN","A","2007",1.88,
"SWE","FERTILITY","TOT","CHD_WOMAN","A","2008",1.91,
"SWE","FERTILITY","TOT","CHD_WOMAN","A","2009",1.94,
"SWE","FERTILITY","TOT","CHD_WOMAN","A","2010",1.98,
"SWE","FERTILITY","TOT","CHD_WOMAN","A","2011",1.9,
"SWE","FERTILITY","TOT","CHD_WOMAN","A","2012",1.91,
"SWE","FERTILITY","TOT","CHD_WOMAN","A","2013",1.89,
"SWE","FERTILITY","TOT","CHD_WOMAN","A","2014",1.88,
"SWE","FERTILITY","TOT","CHD_WOMAN","A","2015",1.85,
"SWE","FERTILITY","TOT","CHD_WOMAN","A","2016",1.85,
"SWE","FERTILITY","TOT","CHD_WOMAN","A","2017",1.78,
"SWE","FERTILITY","TOT","CHD_WOMAN","A","2018",1.75,
"SWE","FERTILITY","TOT","CHD_WOMAN","A","2019",1.7,
"SWE","FERTILITY","TOT","CHD_WOMAN","A","2020",1.66,
"SWE","FERTILITY","TOT","CHD_WOMAN","A","2021",1.67,
"CHE","FERTILITY","TOT","CHD_WOMAN","A","2004",1.42,
"CHE","FERTILITY","TOT","CHD_WOMAN","A","2005",1.42,
"CHE","FERTILITY","TOT","CHD_WOMAN","A","2006",1.44,
"CHE","FERTILITY","TOT","CHD_WOMAN","A","2007",1.46,
"CHE","FERTILITY","TOT","CHD_WOMAN","A","2008",1.48,
"CHE","FERTILITY","TOT","CHD_WOMAN","A","2009",1.5,
"CHE","FERTILITY","TOT","CHD_WOMAN","A","2010",1.54,
"CHE","FERTILITY","TOT","CHD_WOMAN","A","2011",1.52,
"CHE","FERTILITY","TOT","CHD_WOMAN","A","2012",1.53,
"CHE","FERTILITY","TOT","CHD_WOMAN","A","2013",1.52,
"CHE","FERTILITY","TOT","CHD_WOMAN","A","2014",1.54,
"CHE","FERTILITY","TOT","CHD_WOMAN","A","2015",1.54,
"CHE","FERTILITY","TOT","CHD_WOMAN","A","2016",1.54,
"CHE","FERTILITY","TOT","CHD_WOMAN","A","2017",1.52,
"CHE","FERTILITY","TOT","CHD_WOMAN","A","2018",1.52,
"CHE","FERTILITY","TOT","CHD_WOMAN","A","2019",1.48,
"CHE","FERTILITY","TOT","CHD_WOMAN","A","2020",1.46,
"CHE","FERTILITY","TOT","CHD_WOMAN","A","2021",1.51,
"TUR","FERTILITY","TOT","CHD_WOMAN","A","2004",2.11,
"TUR","FERTILITY","TOT","CHD_WOMAN","A","2005",2.12,
"TUR","FERTILITY","TOT","CHD_WOMAN","A","2006",2.12,
"TUR","FERTILITY","TOT","CHD_WOMAN","A","2007",2.16,
"TUR","FERTILITY","TOT","CHD_WOMAN","A","2008",2.15,
"TUR","FERTILITY","TOT","CHD_WOMAN","A","2009",2.1,
"TUR","FERTILITY","TOT","CHD_WOMAN","A","2010",2.08,
"TUR","FERTILITY","TOT","CHD_WOMAN","A","2011",2.05,
"TUR","FERTILITY","TOT","CHD_WOMAN","A","2012",2.11,
"TUR","FERTILITY","TOT","CHD_WOMAN","A","2013",2.11,
"TUR","FERTILITY","TOT","CHD_WOMAN","A","2014",2.18,
"TUR","FERTILITY","TOT","CHD_WOMAN","A","2015",2.15,
"TUR","FERTILITY","TOT","CHD_WOMAN","A","2016",2.11,
"TUR","FERTILITY","TOT","CHD_WOMAN","A","2017",2.07,
"TUR","FERTILITY","TOT","CHD_WOMAN","A","2018",1.99,
"TUR","FERTILITY","TOT","CHD_WOMAN","A","2019",1.88,
"TUR","FERTILITY","TOT","CHD_WOMAN","A","2020",1.76,
"GBR","FERTILITY","TOT","CHD_WOMAN","A","2004",1.75,
"GBR","FERTILITY","TOT","CHD_WOMAN","A","2005",1.76,
"GBR","FERTILITY","TOT","CHD_WOMAN","A","2006",1.82,
"GBR","FERTILITY","TOT","CHD_WOMAN","A","2007",1.86,
"GBR","FERTILITY","TOT","CHD_WOMAN","A","2008",1.91,
"GBR","FERTILITY","TOT","CHD_WOMAN","A","2009",1.89,
"GBR","FERTILITY","TOT","CHD_WOMAN","A","2010",1.92,
"GBR","FERTILITY","TOT","CHD_WOMAN","A","2011",1.91,
"GBR","FERTILITY","TOT","CHD_WOMAN","A","2012",1.92,
"GBR","FERTILITY","TOT","CHD_WOMAN","A","2013",1.83,
"GBR","FERTILITY","TOT","CHD_WOMAN","A","2014",1.81,
"GBR","FERTILITY","TOT","CHD_WOMAN","A","2015",1.8,
"GBR","FERTILITY","TOT","CHD_WOMAN","A","2016",1.79,
"GBR","FERTILITY","TOT","CHD_WOMAN","A","2017",1.74,
"GBR","FERTILITY","TOT","CHD_WOMAN","A","2018",1.68,
"GBR","FERTILITY","TOT","CHD_WOMAN","A","2019",1.63,
"GBR","FERTILITY","TOT","CHD_WOMAN","A","2020",1.56,
"USA","FERTILITY","TOT","CHD_WOMAN","A","2004",2.05,
"USA","FERTILITY","TOT","CHD_WOMAN","A","2005",2.06,
"USA","FERTILITY","TOT","CHD_WOMAN","A","2006",2.11,
"USA","FERTILITY","TOT","CHD_WOMAN","A","2007",2.12,
"USA","FERTILITY","TOT","CHD_WOMAN","A","2008",2.07,
"USA","FERTILITY","TOT","CHD_WOMAN","A","2009",2,
"USA","FERTILITY","TOT","CHD_WOMAN","A","2010",1.93,
"USA","FERTILITY","TOT","CHD_WOMAN","A","2011",1.89,
"USA","FERTILITY","TOT","CHD_WOMAN","A","2012",1.88,
"USA","FERTILITY","TOT","CHD_WOMAN","A","2013",1.86,
"USA","FERTILITY","TOT","CHD_WOMAN","A","2014",1.86,
"USA","FERTILITY","TOT","CHD_WOMAN","A","2015",1.84,
"USA","FERTILITY","TOT","CHD_WOMAN","A","2016",1.82,
"USA","FERTILITY","TOT","CHD_WOMAN","A","2017",1.77,
"USA","FERTILITY","TOT","CHD_WOMAN","A","2018",1.73,
"USA","FERTILITY","TOT","CHD_WOMAN","A","2019",1.71,
"USA","FERTILITY","TOT","CHD_WOMAN","A","2020",1.64,
"BRA","FERTILITY","TOT","CHD_WOMAN","A","2004",2.03,
"BRA","FERTILITY","TOT","CHD_WOMAN","A","2005",1.98,
"BRA","FERTILITY","TOT","CHD_WOMAN","A","2006",1.93,
"BRA","FERTILITY","TOT","CHD_WOMAN","A","2007",1.88,
"BRA","FERTILITY","TOT","CHD_WOMAN","A","2008",1.85,
"BRA","FERTILITY","TOT","CHD_WOMAN","A","2009",1.82,
"BRA","FERTILITY","TOT","CHD_WOMAN","A","2010",1.8,
"BRA","FERTILITY","TOT","CHD_WOMAN","A","2011",1.78,
"BRA","FERTILITY","TOT","CHD_WOMAN","A","2012",1.77,
"BRA","FERTILITY","TOT","CHD_WOMAN","A","2013",1.76,
"BRA","FERTILITY","TOT","CHD_WOMAN","A","2014",1.76,
"BRA","FERTILITY","TOT","CHD_WOMAN","A","2015",1.75,
"BRA","FERTILITY","TOT","CHD_WOMAN","A","2016",1.75,
"BRA","FERTILITY","TOT","CHD_WOMAN","A","2017",1.74,
"BRA","FERTILITY","TOT","CHD_WOMAN","A","2018",1.73,
"BRA","FERTILITY","TOT","CHD_WOMAN","A","2019",1.72,
"BRA","FERTILITY","TOT","CHD_WOMAN","A","2020",1.71,
"CHL","FERTILITY","TOT","CHD_WOMAN","A","2004",1.92,
"CHL","FERTILITY","TOT","CHD_WOMAN","A","2005",1.91,
"CHL","FERTILITY","TOT","CHD_WOMAN","A","2006",1.9,
"CHL","FERTILITY","TOT","CHD_WOMAN","A","2007",1.9,
"CHL","FERTILITY","TOT","CHD_WOMAN","A","2008",1.9,
"CHL","FERTILITY","TOT","CHD_WOMAN","A","2009",1.89,
"CHL","FERTILITY","TOT","CHD_WOMAN","A","2010",1.88,
"CHL","FERTILITY","TOT","CHD_WOMAN","A","2011",1.87,
"CHL","FERTILITY","TOT","CHD_WOMAN","A","2012",1.85,
"CHL","FERTILITY","TOT","CHD_WOMAN","A","2013",1.82,
"CHL","FERTILITY","TOT","CHD_WOMAN","A","2014",1.79,
"CHL","FERTILITY","TOT","CHD_WOMAN","A","2015",1.75,
"CHL","FERTILITY","TOT","CHD_WOMAN","A","2016",1.71,
"CHL","FERTILITY","TOT","CHD_WOMAN","A","2017",1.68,
"CHL","FERTILITY","TOT","CHD_WOMAN","A","2018",1.65,
"CHL","FERTILITY","TOT","CHD_WOMAN","A","2019",1.63,
"CHL","FERTILITY","TOT","CHD_WOMAN","A","2020",1.61,
"CHN","FERTILITY","TOT","CHD_WOMAN","A","2004",1.61,
"CHN","FERTILITY","TOT","CHD_WOMAN","A","2005",1.61,
"CHN","FERTILITY","TOT","CHD_WOMAN","A","2006",1.62,
"CHN","FERTILITY","TOT","CHD_WOMAN","A","2007",1.62,
"CHN","FERTILITY","TOT","CHD_WOMAN","A","2008",1.62,
"CHN","FERTILITY","TOT","CHD_WOMAN","A","2009",1.62,
"CHN","FERTILITY","TOT","CHD_WOMAN","A","2010",1.63,
"CHN","FERTILITY","TOT","CHD_WOMAN","A","2011",1.63,
"CHN","FERTILITY","TOT","CHD_WOMAN","A","2012",1.64,
"CHN","FERTILITY","TOT","CHD_WOMAN","A","2013",1.65,
"CHN","FERTILITY","TOT","CHD_WOMAN","A","2014",1.66,
"CHN","FERTILITY","TOT","CHD_WOMAN","A","2015",1.67,
"CHN","FERTILITY","TOT","CHD_WOMAN","A","2016",1.68,
"CHN","FERTILITY","TOT","CHD_WOMAN","A","2017",1.68,
"CHN","FERTILITY","TOT","CHD_WOMAN","A","2018",1.69,
"CHN","FERTILITY","TOT","CHD_WOMAN","A","2019",1.7,
"CHN","FERTILITY","TOT","CHD_WOMAN","A","2020",1.7,
"EST","FERTILITY","TOT","CHD_WOMAN","A","2004",1.47,
"EST","FERTILITY","TOT","CHD_WOMAN","A","2005",1.52,
"EST","FERTILITY","TOT","CHD_WOMAN","A","2006",1.58,
"EST","FERTILITY","TOT","CHD_WOMAN","A","2007",1.69,
"EST","FERTILITY","TOT","CHD_WOMAN","A","2008",1.72,
"EST","FERTILITY","TOT","CHD_WOMAN","A","2009",1.7,
"EST","FERTILITY","TOT","CHD_WOMAN","A","2010",1.72,
"EST","FERTILITY","TOT","CHD_WOMAN","A","2011",1.61,
"EST","FERTILITY","TOT","CHD_WOMAN","A","2012",1.56,
"EST","FERTILITY","TOT","CHD_WOMAN","A","2013",1.52,
"EST","FERTILITY","TOT","CHD_WOMAN","A","2014",1.54,
"EST","FERTILITY","TOT","CHD_WOMAN","A","2015",1.58,
"EST","FERTILITY","TOT","CHD_WOMAN","A","2016",1.6,
"EST","FERTILITY","TOT","CHD_WOMAN","A","2017",1.59,
"EST","FERTILITY","TOT","CHD_WOMAN","A","2018",1.67,
"EST","FERTILITY","TOT","CHD_WOMAN","A","2019",1.66,
"EST","FERTILITY","TOT","CHD_WOMAN","A","2020",1.58,
"IND","FERTILITY","TOT","CHD_WOMAN","A","2004",3.04,
"IND","FERTILITY","TOT","CHD_WOMAN","A","2005",2.97,
"IND","FERTILITY","TOT","CHD_WOMAN","A","2006",2.9,
"IND","FERTILITY","TOT","CHD_WOMAN","A","2007",2.82,
"IND","FERTILITY","TOT","CHD_WOMAN","A","2008",2.74,
"IND","FERTILITY","TOT","CHD_WOMAN","A","2009",2.66,
"IND","FERTILITY","TOT","CHD_WOMAN","A","2010",2.58,
"IND","FERTILITY","TOT","CHD_WOMAN","A","2011",2.51,
"IND","FERTILITY","TOT","CHD_WOMAN","A","2012",2.44,
"IND","FERTILITY","TOT","CHD_WOMAN","A","2013",2.38,
"IND","FERTILITY","TOT","CHD_WOMAN","A","2014",2.33,
"IND","FERTILITY","TOT","CHD_WOMAN","A","2015",2.3,
"IND","FERTILITY","TOT","CHD_WOMAN","A","2016",2.27,
"IND","FERTILITY","TOT","CHD_WOMAN","A","2017",2.24,
"IND","FERTILITY","TOT","CHD_WOMAN","A","2018",2.22,
"IND","FERTILITY","TOT","CHD_WOMAN","A","2019",2.2,
"IND","FERTILITY","TOT","CHD_WOMAN","A","2020",2.18,
"IDN","FERTILITY","TOT","CHD_WOMAN","A","2004",2.52,
"IDN","FERTILITY","TOT","CHD_WOMAN","A","2005",2.51,
"IDN","FERTILITY","TOT","CHD_WOMAN","A","2006",2.51,
"IDN","FERTILITY","TOT","CHD_WOMAN","A","2007",2.51,
"IDN","FERTILITY","TOT","CHD_WOMAN","A","2008",2.5,
"IDN","FERTILITY","TOT","CHD_WOMAN","A","2009",2.49,
"IDN","FERTILITY","TOT","CHD_WOMAN","A","2010",2.48,
"IDN","FERTILITY","TOT","CHD_WOMAN","A","2011",2.47,
"IDN","FERTILITY","TOT","CHD_WOMAN","A","2012",2.46,
"IDN","FERTILITY","TOT","CHD_WOMAN","A","2013",2.44,
"IDN","FERTILITY","TOT","CHD_WOMAN","A","2014",2.41,
"IDN","FERTILITY","TOT","CHD_WOMAN","A","2015",2.39,
"IDN","FERTILITY","TOT","CHD_WOMAN","A","2016",2.36,
"IDN","FERTILITY","TOT","CHD_WOMAN","A","2017",2.34,
"IDN","FERTILITY","TOT","CHD_WOMAN","A","2018",2.31,
"IDN","FERTILITY","TOT","CHD_WOMAN","A","2019",2.29,
"IDN","FERTILITY","TOT","CHD_WOMAN","A","2020",2.27,
"ISR","FERTILITY","TOT","CHD_WOMAN","A","2004",2.9,
"ISR","FERTILITY","TOT","CHD_WOMAN","A","2005",2.84,
"ISR","FERTILITY","TOT","CHD_WOMAN","A","2006",2.88,
"ISR","FERTILITY","TOT","CHD_WOMAN","A","2007",2.9,
"ISR","FERTILITY","TOT","CHD_WOMAN","A","2008",2.96,
"ISR","FERTILITY","TOT","CHD_WOMAN","A","2009",2.96,
"ISR","FERTILITY","TOT","CHD_WOMAN","A","2010",3.03,
"ISR","FERTILITY","TOT","CHD_WOMAN","A","2011",3,
"ISR","FERTILITY","TOT","CHD_WOMAN","A","2012",3.05,
"ISR","FERTILITY","TOT","CHD_WOMAN","A","2013",3.03,
"ISR","FERTILITY","TOT","CHD_WOMAN","A","2014",3.08,
"ISR","FERTILITY","TOT","CHD_WOMAN","A","2015",3.09,
"ISR","FERTILITY","TOT","CHD_WOMAN","A","2016",3.11,
"ISR","FERTILITY","TOT","CHD_WOMAN","A","2017",3.11,
"ISR","FERTILITY","TOT","CHD_WOMAN","A","2018",3.09,
"ISR","FERTILITY","TOT","CHD_WOMAN","A","2019",3.01,
"ISR","FERTILITY","TOT","CHD_WOMAN","A","2020",2.9,
"RUS","FERTILITY","TOT","CHD_WOMAN","A","2004",1.34,
"RUS","FERTILITY","TOT","CHD_WOMAN","A","2005",1.29,
"RUS","FERTILITY","TOT","CHD_WOMAN","A","2006",1.31,
"RUS","FERTILITY","TOT","CHD_WOMAN","A","2007",1.42,
"RUS","FERTILITY","TOT","CHD_WOMAN","A","2008",1.5,
"RUS","FERTILITY","TOT","CHD_WOMAN","A","2009",1.54,
"RUS","FERTILITY","TOT","CHD_WOMAN","A","2010",1.57,
"RUS","FERTILITY","TOT","CHD_WOMAN","A","2011",1.58,
"RUS","FERTILITY","TOT","CHD_WOMAN","A","2012",1.69,
"RUS","FERTILITY","TOT","CHD_WOMAN","A","2013",1.71,
"RUS","FERTILITY","TOT","CHD_WOMAN","A","2014",1.75,
"RUS","FERTILITY","TOT","CHD_WOMAN","A","2015",1.78,
"RUS","FERTILITY","TOT","CHD_WOMAN","A","2016",1.76,
"RUS","FERTILITY","TOT","CHD_WOMAN","A","2017",1.62,
"RUS","FERTILITY","TOT","CHD_WOMAN","A","2018",1.58,
"RUS","FERTILITY","TOT","CHD_WOMAN","A","2019",1.5,
"RUS","FERTILITY","TOT","CHD_WOMAN","A","2020",1.83,
"SVN","FERTILITY","TOT","CHD_WOMAN","A","2004",1.25,
"SVN","FERTILITY","TOT","CHD_WOMAN","A","2005",1.26,
"SVN","FERTILITY","TOT","CHD_WOMAN","A","2006",1.31,
"SVN","FERTILITY","TOT","CHD_WOMAN","A","2007",1.38,
"SVN","FERTILITY","TOT","CHD_WOMAN","A","2008",1.53,
"SVN","FERTILITY","TOT","CHD_WOMAN","A","2009",1.53,
"SVN","FERTILITY","TOT","CHD_WOMAN","A","2010",1.57,
"SVN","FERTILITY","TOT","CHD_WOMAN","A","2011",1.56,
"SVN","FERTILITY","TOT","CHD_WOMAN","A","2012",1.58,
"SVN","FERTILITY","TOT","CHD_WOMAN","A","2013",1.55,
"SVN","FERTILITY","TOT","CHD_WOMAN","A","2014",1.58,
"SVN","FERTILITY","TOT","CHD_WOMAN","A","2015",1.57,
"SVN","FERTILITY","TOT","CHD_WOMAN","A","2016",1.58,
"SVN","FERTILITY","TOT","CHD_WOMAN","A","2017",1.62,
"SVN","FERTILITY","TOT","CHD_WOMAN","A","2018",1.61,
"SVN","FERTILITY","TOT","CHD_WOMAN","A","2019",1.61,
"SVN","FERTILITY","TOT","CHD_WOMAN","A","2020",1.6,
"ZAF","FERTILITY","TOT","CHD_WOMAN","A","2004",2.6,
"ZAF","FERTILITY","TOT","CHD_WOMAN","A","2005",2.6,
"ZAF","FERTILITY","TOT","CHD_WOMAN","A","2006",2.61,
"ZAF","FERTILITY","TOT","CHD_WOMAN","A","2007",2.61,
"ZAF","FERTILITY","TOT","CHD_WOMAN","A","2008",2.61,
"ZAF","FERTILITY","TOT","CHD_WOMAN","A","2009",2.61,
"ZAF","FERTILITY","TOT","CHD_WOMAN","A","2010",2.6,
"ZAF","FERTILITY","TOT","CHD_WOMAN","A","2011",2.58,
"ZAF","FERTILITY","TOT","CHD_WOMAN","A","2012",2.56,
"ZAF","FERTILITY","TOT","CHD_WOMAN","A","2013",2.54,
"ZAF","FERTILITY","TOT","CHD_WOMAN","A","2014",2.51,
"ZAF","FERTILITY","TOT","CHD_WOMAN","A","2015",2.48,
"ZAF","FERTILITY","TOT","CHD_WOMAN","A","2016",2.46,
"ZAF","FERTILITY","TOT","CHD_WOMAN","A","2017",2.43,
"ZAF","FERTILITY","TOT","CHD_WOMAN","A","2018",2.4,
"ZAF","FERTILITY","TOT","CHD_WOMAN","A","2019",2.38,
"ZAF","FERTILITY","TOT","CHD_WOMAN","A","2020",2.36,
"COL","FERTILITY","TOT","CHD_WOMAN","A","2004",2.33,
"COL","FERTILITY","TOT","CHD_WOMAN","A","2005",2.26,
"COL","FERTILITY","TOT","CHD_WOMAN","A","2006",2.2,
"COL","FERTILITY","TOT","CHD_WOMAN","A","2007",2.14,
"COL","FERTILITY","TOT","CHD_WOMAN","A","2008",2.08,
"COL","FERTILITY","TOT","CHD_WOMAN","A","2009",2.03,
"COL","FERTILITY","TOT","CHD_WOMAN","A","2010",1.99,
"COL","FERTILITY","TOT","CHD_WOMAN","A","2011",1.96,
"COL","FERTILITY","TOT","CHD_WOMAN","A","2012",1.93,
"COL","FERTILITY","TOT","CHD_WOMAN","A","2013",1.91,
"COL","FERTILITY","TOT","CHD_WOMAN","A","2014",1.88,
"COL","FERTILITY","TOT","CHD_WOMAN","A","2015",1.86,
"COL","FERTILITY","TOT","CHD_WOMAN","A","2016",1.84,
"COL","FERTILITY","TOT","CHD_WOMAN","A","2017",1.83,
"COL","FERTILITY","TOT","CHD_WOMAN","A","2018",1.81,
"COL","FERTILITY","TOT","CHD_WOMAN","A","2019",1.79,
"COL","FERTILITY","TOT","CHD_WOMAN","A","2020",1.77,
"LVA","FERTILITY","TOT","CHD_WOMAN","A","2004",1.29,
"LVA","FERTILITY","TOT","CHD_WOMAN","A","2005",1.39,
"LVA","FERTILITY","TOT","CHD_WOMAN","A","2006",1.46,
"LVA","FERTILITY","TOT","CHD_WOMAN","A","2007",1.54,
"LVA","FERTILITY","TOT","CHD_WOMAN","A","2008",1.58,
"LVA","FERTILITY","TOT","CHD_WOMAN","A","2009",1.46,
"LVA","FERTILITY","TOT","CHD_WOMAN","A","2010",1.36,
"LVA","FERTILITY","TOT","CHD_WOMAN","A","2011",1.33,
"LVA","FERTILITY","TOT","CHD_WOMAN","A","2012",1.44,
"LVA","FERTILITY","TOT","CHD_WOMAN","A","2013",1.52,
"LVA","FERTILITY","TOT","CHD_WOMAN","A","2014",1.65,
"LVA","FERTILITY","TOT","CHD_WOMAN","A","2015",1.7,
"LVA","FERTILITY","TOT","CHD_WOMAN","A","2016",1.74,
"LVA","FERTILITY","TOT","CHD_WOMAN","A","2017",1.69,
"LVA","FERTILITY","TOT","CHD_WOMAN","A","2018",1.6,
"LVA","FERTILITY","TOT","CHD_WOMAN","A","2019",1.61,
"LVA","FERTILITY","TOT","CHD_WOMAN","A","2020",1.74,
"LTU","FERTILITY","TOT","CHD_WOMAN","A","2004",1.27,
"LTU","FERTILITY","TOT","CHD_WOMAN","A","2005",1.29,
"LTU","FERTILITY","TOT","CHD_WOMAN","A","2006",1.33,
"LTU","FERTILITY","TOT","CHD_WOMAN","A","2007",1.36,
"LTU","FERTILITY","TOT","CHD_WOMAN","A","2008",1.45,
"LTU","FERTILITY","TOT","CHD_WOMAN","A","2009",1.5,
"LTU","FERTILITY","TOT","CHD_WOMAN","A","2010",1.5,
"LTU","FERTILITY","TOT","CHD_WOMAN","A","2011",1.55,
"LTU","FERTILITY","TOT","CHD_WOMAN","A","2012",1.6,
"LTU","FERTILITY","TOT","CHD_WOMAN","A","2013",1.59,
"LTU","FERTILITY","TOT","CHD_WOMAN","A","2014",1.63,
"LTU","FERTILITY","TOT","CHD_WOMAN","A","2015",1.7,
"LTU","FERTILITY","TOT","CHD_WOMAN","A","2016",1.69,
"LTU","FERTILITY","TOT","CHD_WOMAN","A","2017",1.63,
"LTU","FERTILITY","TOT","CHD_WOMAN","A","2018",1.63,
"LTU","FERTILITY","TOT","CHD_WOMAN","A","2019",1.61,
"LTU","FERTILITY","TOT","CHD_WOMAN","A","2020",1.69,
"ARG","FERTILITY","TOT","CHD_WOMAN","A","2004",2.44,
"ARG","FERTILITY","TOT","CHD_WOMAN","A","2005",2.42,
"ARG","FERTILITY","TOT","CHD_WOMAN","A","2006",2.4,
"ARG","FERTILITY","TOT","CHD_WOMAN","A","2007",2.38,
"ARG","FERTILITY","TOT","CHD_WOMAN","A","2008",2.37,
"ARG","FERTILITY","TOT","CHD_WOMAN","A","2009",2.36,
"ARG","FERTILITY","TOT","CHD_WOMAN","A","2010",2.35,
"ARG","FERTILITY","TOT","CHD_WOMAN","A","2011",2.34,
"ARG","FERTILITY","TOT","CHD_WOMAN","A","2012",2.33,
"ARG","FERTILITY","TOT","CHD_WOMAN","A","2013",2.32,
"ARG","FERTILITY","TOT","CHD_WOMAN","A","2014",2.31,
"ARG","FERTILITY","TOT","CHD_WOMAN","A","2015",2.3,
"ARG","FERTILITY","TOT","CHD_WOMAN","A","2016",2.29,
"ARG","FERTILITY","TOT","CHD_WOMAN","A","2017",2.28,
"ARG","FERTILITY","TOT","CHD_WOMAN","A","2018",2.26,
"ARG","FERTILITY","TOT","CHD_WOMAN","A","2019",2.25,
"ARG","FERTILITY","TOT","CHD_WOMAN","A","2020",2.23,
"BGR","FERTILITY","TOT","CHD_WOMAN","A","2004",1.29,
"BGR","FERTILITY","TOT","CHD_WOMAN","A","2005",1.32,
"BGR","FERTILITY","TOT","CHD_WOMAN","A","2006",1.38,
"BGR","FERTILITY","TOT","CHD_WOMAN","A","2007",1.49,
"BGR","FERTILITY","TOT","CHD_WOMAN","A","2008",1.56,
"BGR","FERTILITY","TOT","CHD_WOMAN","A","2009",1.66,
"BGR","FERTILITY","TOT","CHD_WOMAN","A","2010",1.57,
"BGR","FERTILITY","TOT","CHD_WOMAN","A","2011",1.51,
"BGR","FERTILITY","TOT","CHD_WOMAN","A","2012",1.5,
"BGR","FERTILITY","TOT","CHD_WOMAN","A","2013",1.48,
"BGR","FERTILITY","TOT","CHD_WOMAN","A","2014",1.53,
"BGR","FERTILITY","TOT","CHD_WOMAN","A","2015",1.53,
"BGR","FERTILITY","TOT","CHD_WOMAN","A","2016",1.54,
"BGR","FERTILITY","TOT","CHD_WOMAN","A","2017",1.56,
"BGR","FERTILITY","TOT","CHD_WOMAN","A","2018",1.56,
"BGR","FERTILITY","TOT","CHD_WOMAN","A","2019",1.58,
"BGR","FERTILITY","TOT","CHD_WOMAN","A","2020",1.59,
"HRV","FERTILITY","TOT","CHD_WOMAN","A","2004",1.43,
"HRV","FERTILITY","TOT","CHD_WOMAN","A","2005",1.5,
"HRV","FERTILITY","TOT","CHD_WOMAN","A","2006",1.47,
"HRV","FERTILITY","TOT","CHD_WOMAN","A","2007",1.48,
"HRV","FERTILITY","TOT","CHD_WOMAN","A","2008",1.55,
"HRV","FERTILITY","TOT","CHD_WOMAN","A","2009",1.58,
"HRV","FERTILITY","TOT","CHD_WOMAN","A","2010",1.55,
"HRV","FERTILITY","TOT","CHD_WOMAN","A","2011",1.48,
"HRV","FERTILITY","TOT","CHD_WOMAN","A","2012",1.51,
"HRV","FERTILITY","TOT","CHD_WOMAN","A","2013",1.46,
"HRV","FERTILITY","TOT","CHD_WOMAN","A","2014",1.46,
"HRV","FERTILITY","TOT","CHD_WOMAN","A","2015",1.4,
"HRV","FERTILITY","TOT","CHD_WOMAN","A","2016",1.42,
"HRV","FERTILITY","TOT","CHD_WOMAN","A","2017",1.42,
"HRV","FERTILITY","TOT","CHD_WOMAN","A","2018",1.47,
"HRV","FERTILITY","TOT","CHD_WOMAN","A","2019",1.47,
"HRV","FERTILITY","TOT","CHD_WOMAN","A","2020",1.42,
"CYP","FERTILITY","TOT","CHD_WOMAN","A","2004",1.52,
"CYP","FERTILITY","TOT","CHD_WOMAN","A","2005",1.48,
"CYP","FERTILITY","TOT","CHD_WOMAN","A","2006",1.52,
"CYP","FERTILITY","TOT","CHD_WOMAN","A","2007",1.44,
"CYP","FERTILITY","TOT","CHD_WOMAN","A","2008",1.48,
"CYP","FERTILITY","TOT","CHD_WOMAN","A","2009",1.47,
"CYP","FERTILITY","TOT","CHD_WOMAN","A","2010",1.44,
"CYP","FERTILITY","TOT","CHD_WOMAN","A","2011",1.35,
"CYP","FERTILITY","TOT","CHD_WOMAN","A","2012",1.39,
"CYP","FERTILITY","TOT","CHD_WOMAN","A","2013",1.3,
"CYP","FERTILITY","TOT","CHD_WOMAN","A","2014",1.31,
"CYP","FERTILITY","TOT","CHD_WOMAN","A","2015",1.32,
"CYP","FERTILITY","TOT","CHD_WOMAN","A","2016",1.37,
"CYP","FERTILITY","TOT","CHD_WOMAN","A","2017",1.32,
"CYP","FERTILITY","TOT","CHD_WOMAN","A","2018",1.32,
"CYP","FERTILITY","TOT","CHD_WOMAN","A","2019",1.33,
"CYP","FERTILITY","TOT","CHD_WOMAN","A","2020",1.31,
"MLT","FERTILITY","TOT","CHD_WOMAN","A","2004",1.4,
"MLT","FERTILITY","TOT","CHD_WOMAN","A","2005",1.38,
"MLT","FERTILITY","TOT","CHD_WOMAN","A","2006",1.36,
"MLT","FERTILITY","TOT","CHD_WOMAN","A","2007",1.35,
"MLT","FERTILITY","TOT","CHD_WOMAN","A","2008",1.43,
"MLT","FERTILITY","TOT","CHD_WOMAN","A","2009",1.42,
"MLT","FERTILITY","TOT","CHD_WOMAN","A","2010",1.36,
"MLT","FERTILITY","TOT","CHD_WOMAN","A","2011",1.45,
"MLT","FERTILITY","TOT","CHD_WOMAN","A","2012",1.42,
"MLT","FERTILITY","TOT","CHD_WOMAN","A","2013",1.36,
"MLT","FERTILITY","TOT","CHD_WOMAN","A","2014",1.38,
"MLT","FERTILITY","TOT","CHD_WOMAN","A","2015",1.37,
"MLT","FERTILITY","TOT","CHD_WOMAN","A","2016",1.37,
"MLT","FERTILITY","TOT","CHD_WOMAN","A","2017",1.26,
"MLT","FERTILITY","TOT","CHD_WOMAN","A","2018",1.23,
"MLT","FERTILITY","TOT","CHD_WOMAN","A","2019",1.14,
"MLT","FERTILITY","TOT","CHD_WOMAN","A","2020",1.48,
"ROU","FERTILITY","TOT","CHD_WOMAN","A","2004",1.33,
"ROU","FERTILITY","TOT","CHD_WOMAN","A","2005",1.4,
"ROU","FERTILITY","TOT","CHD_WOMAN","A","2006",1.42,
"ROU","FERTILITY","TOT","CHD_WOMAN","A","2007",1.45,
"ROU","FERTILITY","TOT","CHD_WOMAN","A","2008",1.6,
"ROU","FERTILITY","TOT","CHD_WOMAN","A","2009",1.66,
"ROU","FERTILITY","TOT","CHD_WOMAN","A","2010",1.59,
"ROU","FERTILITY","TOT","CHD_WOMAN","A","2011",1.47,
"ROU","FERTILITY","TOT","CHD_WOMAN","A","2012",1.52,
"ROU","FERTILITY","TOT","CHD_WOMAN","A","2013",1.41,
"ROU","FERTILITY","TOT","CHD_WOMAN","A","2014",1.52,
"ROU","FERTILITY","TOT","CHD_WOMAN","A","2015",1.58,
"ROU","FERTILITY","TOT","CHD_WOMAN","A","2016",1.64,
"ROU","FERTILITY","TOT","CHD_WOMAN","A","2017",1.71,
"ROU","FERTILITY","TOT","CHD_WOMAN","A","2018",1.76,
"ROU","FERTILITY","TOT","CHD_WOMAN","A","2019",1.76,
"ROU","FERTILITY","TOT","CHD_WOMAN","A","2020",1.64,
"SAU","FERTILITY","TOT","CHD_WOMAN","A","2004",3.51,
"SAU","FERTILITY","TOT","CHD_WOMAN","A","2005",3.42,
"SAU","FERTILITY","TOT","CHD_WOMAN","A","2006",3.33,
"SAU","FERTILITY","TOT","CHD_WOMAN","A","2007",3.25,
"SAU","FERTILITY","TOT","CHD_WOMAN","A","2008",3.16,
"SAU","FERTILITY","TOT","CHD_WOMAN","A","2009",3.07,
"SAU","FERTILITY","TOT","CHD_WOMAN","A","2010",2.97,
"SAU","FERTILITY","TOT","CHD_WOMAN","A","2011",2.87,
"SAU","FERTILITY","TOT","CHD_WOMAN","A","2012",2.77,
"SAU","FERTILITY","TOT","CHD_WOMAN","A","2013",2.68,
"SAU","FERTILITY","TOT","CHD_WOMAN","A","2014",2.59,
"SAU","FERTILITY","TOT","CHD_WOMAN","A","2015",2.51,
"SAU","FERTILITY","TOT","CHD_WOMAN","A","2016",2.44,
"SAU","FERTILITY","TOT","CHD_WOMAN","A","2017",2.37,
"SAU","FERTILITY","TOT","CHD_WOMAN","A","2018",2.32,
"SAU","FERTILITY","TOT","CHD_WOMAN","A","2019",2.28,
"SAU","FERTILITY","TOT","CHD_WOMAN","A","2020",2.24,
"OAVG","FERTILITY","TOT","CHD_WOMAN","A","2004",1.67,
"OAVG","FERTILITY","TOT","CHD_WOMAN","A","2005",1.67,
"OAVG","FERTILITY","TOT","CHD_WOMAN","A","2006",1.7,
"OAVG","FERTILITY","TOT","CHD_WOMAN","A","2007",1.72,
"OAVG","FERTILITY","TOT","CHD_WOMAN","A","2008",1.76,
"OAVG","FERTILITY","TOT","CHD_WOMAN","A","2009",1.74,
"OAVG","FERTILITY","TOT","CHD_WOMAN","A","2010",1.75,
"OAVG","FERTILITY","TOT","CHD_WOMAN","A","2011",1.71,
"OAVG","FERTILITY","TOT","CHD_WOMAN","A","2012",1.71,
"OAVG","FERTILITY","TOT","CHD_WOMAN","A","2013",1.68,
"OAVG","FERTILITY","TOT","CHD_WOMAN","A","2014",1.69,
"OAVG","FERTILITY","TOT","CHD_WOMAN","A","2015",1.68,
"OAVG","FERTILITY","TOT","CHD_WOMAN","A","2016",1.68,
"OAVG","FERTILITY","TOT","CHD_WOMAN","A","2017",1.66,
"OAVG","FERTILITY","TOT","CHD_WOMAN","A","2018",1.63,
"OAVG","FERTILITY","TOT","CHD_WOMAN","A","2019",1.61,
"OAVG","FERTILITY","TOT","CHD_WOMAN","A","2020",1.59,
"PER","FERTILITY","TOT","CHD_WOMAN","A","2004",2.71,
"PER","FERTILITY","TOT","CHD_WOMAN","A","2005",2.7,
"PER","FERTILITY","TOT","CHD_WOMAN","A","2006",2.68,
"PER","FERTILITY","TOT","CHD_WOMAN","A","2007",2.66,
"PER","FERTILITY","TOT","CHD_WOMAN","A","2008",2.63,
"PER","FERTILITY","TOT","CHD_WOMAN","A","2009",2.59,
"PER","FERTILITY","TOT","CHD_WOMAN","A","2010",2.55,
"PER","FERTILITY","TOT","CHD_WOMAN","A","2011",2.49,
"PER","FERTILITY","TOT","CHD_WOMAN","A","2012",2.44,
"PER","FERTILITY","TOT","CHD_WOMAN","A","2013",2.39,
"PER","FERTILITY","TOT","CHD_WOMAN","A","2014",2.36,
"PER","FERTILITY","TOT","CHD_WOMAN","A","2015",2.32,
"PER","FERTILITY","TOT","CHD_WOMAN","A","2016",2.3,
"PER","FERTILITY","TOT","CHD_WOMAN","A","2017",2.28,
"PER","FERTILITY","TOT","CHD_WOMAN","A","2018",2.25,
"PER","FERTILITY","TOT","CHD_WOMAN","A","2019",2.23,
"PER","FERTILITY","TOT","CHD_WOMAN","A","2020",2.21,
"CRI","FERTILITY","TOT","CHD_WOMAN","A","2004",2.07,
"CRI","FERTILITY","TOT","CHD_WOMAN","A","2005",2.02,
"CRI","FERTILITY","TOT","CHD_WOMAN","A","2006",1.98,
"CRI","FERTILITY","TOT","CHD_WOMAN","A","2007",1.95,
"CRI","FERTILITY","TOT","CHD_WOMAN","A","2008",1.92,
"CRI","FERTILITY","TOT","CHD_WOMAN","A","2009",1.9,
"CRI","FERTILITY","TOT","CHD_WOMAN","A","2010",1.89,
"CRI","FERTILITY","TOT","CHD_WOMAN","A","2011",1.87,
"CRI","FERTILITY","TOT","CHD_WOMAN","A","2012",1.85,
"CRI","FERTILITY","TOT","CHD_WOMAN","A","2013",1.84,
"CRI","FERTILITY","TOT","CHD_WOMAN","A","2014",1.82,
"CRI","FERTILITY","TOT","CHD_WOMAN","A","2015",1.81,
"CRI","FERTILITY","TOT","CHD_WOMAN","A","2016",1.79,
"CRI","FERTILITY","TOT","CHD_WOMAN","A","2017",1.77,
"CRI","FERTILITY","TOT","CHD_WOMAN","A","2018",1.75,
"CRI","FERTILITY","TOT","CHD_WOMAN","A","2019",1.74,
"CRI","FERTILITY","TOT","CHD_WOMAN","A","2020",1.72,
"EU","FERTILITY","TOT","CHD_WOMAN","A","2004",1.47,
"EU","FERTILITY","TOT","CHD_WOMAN","A","2005",1.48,
"EU","FERTILITY","TOT","CHD_WOMAN","A","2006",1.51,
"EU","FERTILITY","TOT","CHD_WOMAN","A","2007",1.53,
"EU","FERTILITY","TOT","CHD_WOMAN","A","2008",1.59,
"EU","FERTILITY","TOT","CHD_WOMAN","A","2009",1.59,
"EU","FERTILITY","TOT","CHD_WOMAN","A","2010",1.58,
"EU","FERTILITY","TOT","CHD_WOMAN","A","2011",1.54,
"EU","FERTILITY","TOT","CHD_WOMAN","A","2012",1.54,
"EU","FERTILITY","TOT","CHD_WOMAN","A","2013",1.51,
"EU","FERTILITY","TOT","CHD_WOMAN","A","2014",1.53,
"EU","FERTILITY","TOT","CHD_WOMAN","A","2015",1.54,
"EU","FERTILITY","TOT","CHD_WOMAN","A","2016",1.56,
"EU","FERTILITY","TOT","CHD_WOMAN","A","2017",1.54,
"EU","FERTILITY","TOT","CHD_WOMAN","A","2018",1.53,
